Name,Source,Category,Prerequisite,Description
Ability Score Improvement,XPHB,G,"[{""level"": 4}]","[""Increase one ability score of your choice by 2, or increase two ability scores of your choice by 1. This feat can't increase an ability score above 20."", {""type"": ""entries"", ""name"": ""Repeatable"", ""entries"": [""You can take this feat more than once.""]}]"
Alert,XPHB,O,,"[""You gain the following benefits."", {""type"": ""entries"", ""name"": ""Initiative Proficiency"", ""entries"": [""When you roll {@variantrule Initiative|XPHB}, you can add your {@variantrule Proficiency|XPHB|Proficiency Bonus} to the roll.""]}, {""type"": ""entries"", ""name"": ""Initiative Swap"", ""entries"": [""Immediately after you roll {@variantrule Initiative|XPHB}, you can swap your {@variantrule Initiative|XPHB} with the {@variantrule Initiative|XPHB} of one willing ally in the same combat. You can't make this swap if you or the ally has the {@condition Incapacitated|XPHB} condition.""]}]"
Archery,XPHB,FS,"[{""feature"": [""Fighting Style""]}]","[""You gain a +2 bonus to attack rolls you make with Ranged weapons.""]"
Boon of Combat Prowess,XPHB,EB,"[{""level"": 19}]","[""You gain the following benefits."", {""type"": ""entries"", ""name"": ""Peerless Aim"", ""entries"": [""When you miss with an attack roll, you can hit instead. Once you use this benefit, you can't use it again until the start of your next turn.""]}]"
Boon of Dimensional Travel,XPHB,EB,"[{""level"": 19}]","[""You gain the following benefits."", {""type"": ""entries"", ""name"": ""Blink Steps"", ""entries"": [""Immediately after you take the {@action Attack|XPHB} action or the {@action Magic|XPHB} action, you can teleport up to 30 feet to an unoccupied space you can see.""]}]"
Boon of Fate,XPHB,EB,"[{""level"": 19}]","[""You gain the following benefits."", {""type"": ""entries"", ""name"": ""Improve Fate"", ""entries"": [""When you or another creature within 60 feet of you succeeds on or fails a {@variantrule D20 Test|XPHB}, you can roll {@dice 2d4} and apply the total rolled as a bonus or penalty to the {@dice d20} roll. Once you use this benefit, you can't use it again until you roll {@variantrule Initiative|XPHB} or finish a {@variantrule Short Rest|XPHB|Short} or {@variantrule Long Rest|XPHB}.""]}]"
Boon of Irresistible Offense,XPHB,EB,"[{""level"": 19}]","[""You gain the following benefits."", {""type"": ""entries"", ""name"": ""Overcome Defenses"", ""entries"": [""The Bludgeoning, Piercing, and Slashing damage you deal always ignores {@variantrule Resistance|XPHB}.""]}, {""type"": ""entries"", ""name"": ""Overwhelming Strike"", ""entries"": [""When you roll a 20 on the {@dice d20} for an attack roll, you can deal extra damage to the target equal to the ability score increased by this feat. The extra damage's type is the same as the attack's type.""]}]"
Boon of Spell Recall,XPHB,EB,"[{""level"": 19, ""spellcasting2020"": true}]","[""You gain the following benefits."", {""type"": ""entries"", ""name"": ""Free Casting"", ""entries"": [""Whenever you cast a spell with a level 1-4 spell slot, roll {@dice 1d4}. If the number you roll is the same as the slot's level, the slot isn't expended.""]}]"
Boon of the Night Spirit,XPHB,EB,"[{""level"": 19}]","[""You gain the following benefits."", {""type"": ""entries"", ""name"": ""Merge with Shadows"", ""entries"": [""While within {@variantrule Dim Light|XPHB} or {@variantrule Darkness|XPHB}, you can give yourself the {@condition Invisible|XPHB} condition as a {@variantrule Bonus Action|XPHB}. The condition ends on you immediately after you take an action, a {@variantrule Bonus Action|XPHB}, or a {@variantrule Reaction|XPHB}.""]}, {""type"": ""entries"", ""name"": ""Shadowy Form"", ""entries"": [""While within {@variantrule Dim Light|XPHB} or {@variantrule Darkness|XPHB}, you have {@variantrule Resistance|XPHB} to all damage except Psychic and Radiant.""]}]"
Boon of Truesight,XPHB,EB,"[{""level"": 19}]","[""You gain the following benefits."", {""type"": ""entries"", ""name"": ""Truesight"", ""entries"": [""You have {@sense Truesight|XPHB} with a range of 60 feet.""]}]"
Defense,XPHB,FS,"[{""feature"": [""Fighting Style""]}]","[""While you're wearing Light, Medium, or Heavy armor, you gain a +1 bonus to {@variantrule Armor Class|XPHB}.""]"
Grappler,XPHB,G,"[{""level"": 4, ""ability"": [{""str"": 13}]}, {""level"": 4, ""ability"": [{""dex"": 13}]}]","[""You gain the following benefits."", {""type"": ""entries"", ""name"": ""Punch and Grab"", ""entries"": [""When you hit a creature with an {@variantrule Unarmed Strike|XPHB} as part of the {@action Attack|XPHB} action on your turn, you can use both the Damage and the Grapple option. You can use this benefit only once per turn.""]}, {""type"": ""entries"", ""name"": ""Attack Advantage"", ""entries"": [""You have {@variantrule Advantage|XPHB} on attack rolls against a creature {@condition Grappled|XPHB} by you.""]}, {""type"": ""entries"", ""name"": ""Fast Wrestler"", ""entries"": [""You don't have to spend extra movement to move a creature {@condition Grappled|XPHB} by you if the creature is your size or smaller.""]}]"
Great Weapon Fighting,XPHB,FS,"[{""feature"": [""Fighting Style""]}]","[""When you roll damage for an attack you make with a Melee weapon that you are holding with two hands, you can treat any 1 or 2 on a damage die as a 3. The weapon must have the {@itemProperty 2h|XPHB|Two-Handed} or {@itemProperty V|XPHB|Versatile} property to gain this benefit.""]"
Magic Initiate,XPHB,O,,"[""You gain the following benefits."", {""type"": ""entries"", ""name"": ""Two Cantrips"", ""entries"": [""You learn two cantrips of your choice from the {@filter Cleric|spells|level=0;1|class=Cleric}, {@filter Druid|spells|level=0;1|class=Druid}, or {@filter Wizard|spells|level=0;1|class=Wizard} spell list. Intelligence, Wisdom, or Charisma is your spellcasting ability for this feat's spells (choose when you select this feat).""]}, {""type"": ""entries"", ""name"": ""Level 1 Spell"", ""entries"": [""Choose a level 1 spell from the same list you selected for this feat's cantrips. You always have that spell prepared. You can cast it once without a spell slot, and you regain the ability to cast it in that way when you finish a {@variantrule Long Rest|XPHB}. You can also cast the spell using any spell slots you have.""]}, {""type"": ""entries"", ""name"": ""Spell Change"", ""entries"": [""Whenever you gain a new level, you can replace one of the spells you chose for this feat with a different spell of the same level from the chosen spell list.""]}, {""type"": ""entries"", ""name"": ""Repeatable"", ""entries"": [""You can take this feat more than once, but you must choose a different spell list each time.""]}]"
Savage Attacker,XPHB,O,,"[""You've trained to deal particularly damaging strikes. Once per turn when you hit a target with a weapon, you can roll the weapon's damage dice twice and use either roll against the target.""]"
Skilled,XPHB,O,,"[""You gain proficiency in any combination of three {@table Skill List; Skills|XPHB|skills} or {@filter tools|items|type=tool;artisan's tools;instrument;gaming set} of your choice."", {""type"": ""entries"", ""name"": ""Repeatable"", ""entries"": [""You can take this feat more than once.""]}]"
Two-Weapon Fighting,XPHB,FS,"[{""feature"": [""Fighting Style""]}]","[""When you make an extra attack as a result of using a weapon that has the {@itemProperty L|XPHB|Light} property, you can add your ability modifier to the damage of that attack if you aren't already adding it to the damage.""]"
